{
  "Env":"local",
  "DB": {
    "User": "postgres",
    "Password": "root",
    "Server": "localhost",
    "Connstring": "postgres://postgres:root@localhost/postgres?sslmode=disable"
  },
  "API": {
    "UAA": "https://a8a2ffc4-b04e-4ec1-bfed-7a51dd408725.predix-uaa.run.aws-usw02-pr.ice.predix.io"
  },
  "Client": {
    "Token": "Basic ZGlnaXRhbF9wcmVkaXgtcmVhbHRyYWNrX2RldjpyVFhDN2wwRFFqeVE0dHNo",
    "Id": "digital_predix-realtrack_dev"
  },
  "TmsHost": {
    "Uri": "https://predix-tms.run.aws-usw02-pr.ice.predix.io/v1/tenant",
    "DbType": "postgres-2.0"
  },
  "Predix": {
    "ZoneId": "b90023e1-f4f0-4b64-8e78-7d78b16b5615"
  },
  "ContentType": {
    "Type": "application/json"
  },
  "ACS": {
    "URL": "https://predix-acs.run.aws-usw02-pr.ice.predix.io",
    "PredixZoneId": "aeb41f99-8b4f-4961-be16-aec68585943e"
  },
  "TenantDBName": {
    "RealTrackTenantOilandGas": "realtrackoilandgas",
    "RealTrackTenantEnergyConnection": "realtrackenergyconnections"
  }
}