{
  "DB": {
    "User": "dc85c23b8a0994a149533caa9dec01fe0",
    "Password": "u63c5f48154c4452a90f1d543abe7a8fc:367469959bd7424bb4480fc5eb4ff151",
    "Server": "10.72.6.143:5432",
    "Connstring": "postgres://u63c5f48154c4452a90f1d543abe7a8fc:367469959bd7424bb4480fc5eb4ff151@10.72.6.143:5432/dc85c23b8a0994a149533caa9dec01fe0?sslmode=disable"
  },
  "API": {
    "UAA": "https://a8a2ffc4-b04e-4ec1-bfed-7a51dd408725.predix-uaa.run.aws-usw02-pr.ice.predix.io"
  },
  "Client": {
    "Token": "Basic ZGlnaXRhbF9yZWFsdHJhY2stVUFBLWludGVnX3FhOmVIbTd6aTVzTjBnOUdzb0o=",
    "Id": "digital_realtrack-UAA-integ_qa"
  },
  "TmsHost": {
    "Uri": "https://predix-tms.run.aws-usw02-pr.ice.predix.io/v1/tenant",
    "DbType": "postgres-2.0"
  },
  "Predix": {
    "ZoneId": "dd5f1439-6bf3-4870-8f4c-11a243167e1d"
  },
  "ContentType": {
    "Type": "application/json"
  },
  "ACS": {
    "URL": "https://predix-acs.run.aws-usw02-pr.ice.predix.io",
    "PredixZoneId": "aeb41f99-8b4f-4961-be16-aec68585943e"
  },
  "TenantDBName": {
    "RealTrackTenantOilandGas": "realtrackoilandgas_uat",
    "RealTrackTenantEnergyConnection": "realtrackenergyconnections_uat"
  }
}
