{
  "API": {
    "UAA": "https://a8a2ffc4-b04e-4ec1-bfed-7a51dd408725.predix-uaa.run.aws-usw02-pr.ice.predix.io"
  },
  "Client": {
    "Token": "Basic ZGlnaXRhbF9yZWFsdHJhY2stVUFBX3Byb2Q6d3VXZGFVRHdWUHRMcmc1cQ==",
    "Id": "digital_realtrack-UAA_prod"
  },
  "TmsHost": {
    "Uri": "https://predix-tms.run.aws-usw02-pr.ice.predix.io/v1/tenant",
    "DbType": "postgres-2.0"
  },
  "Predix": {
    "ZoneId": "494d9afb-0889-4355-b4c6-32fa0ab80c99"
  },
  "ContentType": {
    "Type": "application/json"
  },
  "ACS": {
    "URL": "https://predix-acs.run.aws-usw02-pr.ice.predix.io",
    "PredixZoneId": "df5cdfaf-6265-464d-b022-a7188eb62b6a"
  },
  "TenantDBName": {
    "RealTrackTenantOilandGas": "realtrackoilandgas",
    "RealTrackTenantEnergyConnection": "realtrackenergyconnections"
  }
}