{
	"ImportPath": "github.build.ge.com/RealTrack/rt-install-cod-services/config/logs",
	"GoVersion": "go1.7",
	"GodepVersion": "v79",
	"Deps": [
		{
			"ImportPath": "github.com/go-kit/kit/log",
			"Comment": "v0.4.0-24-g5d93a23",
			"Rev": "5d93a23737003ed3ad90359f0aeb25e08dfdf547"
		},
		{
			"ImportPath": "github.com/go-kit/kit/log/level",
			"Comment": "v0.4.0-24-g5d93a23",
			"Rev": "5d93a23737003ed3ad90359f0aeb25e08dfdf547"
		},
		{
			"ImportPath": "github.com/go-logfmt/logfmt",
			"Comment": "v0.3.0",
			"Rev": "390ab7935ee28ec6b286364bba9b4dd6410cb3d5"
		},
		{
			"ImportPath": "github.com/go-stack/stack",
			"Comment": "v1.5.2",
			"Rev": "100eb0c0a9c5b306ca2fb4f165df21d80ada4b82"
		},
		{
			"ImportPath": "github.com/kr/logfmt",
			"Rev": "b84e30acd515aadc4b783ad4ff83aff3299bdfe0"
		}
	]
}
