{
	"ImportPath": "github.build.ge.com/RealTrack/rt-install-cod-services",
	"GoVersion": "go1.7",
	"GodepVersion": "v79",
	"Deps": [
		{
			"ImportPath": "github.com/axiomzen/null/format",
			"Comment": "v7.0.0",
			"Rev": "76255e22b62c465ce07fa39013e65fa4c5df50dc"
		},
		{
			"ImportPath": "github.com/axiomzen/null/sql",
			"Comment": "v7.0.0",
			"Rev": "76255e22b62c465ce07fa39013e65fa4c5df50dc"
		},
		{
			"ImportPath": "github.com/go-kit/kit/log",
			"Comment": "v0.4.0-24-g5d93a23",
			"Rev": "5d93a23737003ed3ad90359f0aeb25e08dfdf547"
		},
		{
			"ImportPath": "github.com/go-kit/kit/log/level",
			"Comment": "v0.4.0-24-g5d93a23",
			"Rev": "5d93a23737003ed3ad90359f0aeb25e08dfdf547"
		},
		{
			"ImportPath": "github.com/go-logfmt/logfmt",
			"Comment": "v0.3.0",
			"Rev": "390ab7935ee28ec6b286364bba9b4dd6410cb3d5"
		},
		{
			"ImportPath": "github.com/go-stack/stack",
			"Comment": "v1.5.2",
			"Rev": "100eb0c0a9c5b306ca2fb4f165df21d80ada4b82"
		},
		{
			"ImportPath": "github.com/gorilla/mux",
			"Comment": "v1.3.0-5-g599cba5",
			"Rev": "599cba5e7b6137d46ddf58fb1765f5d928e69604"
		},
		{
			"ImportPath": "github.com/jinzhu/gorm",
			"Comment": "v1.0-138-g45ccb13",
			"Rev": "45ccb134373e7d9fa76d5987a6fed6cd5a5adfd4"
		},
		{
			"ImportPath": "github.com/jinzhu/inflection",
			"Rev": "1c35d901db3da928c72a72d8458480cc9ade058f"
		},
		{
			"ImportPath": "github.com/jmoiron/sqlx",
			"Comment": "sqlx-v1.1-119-g8ed836a",
			"Rev": "8ed836a8adb659e8492bcaa49e0880bb84075fe2"
		},
		{
			"ImportPath": "github.com/jmoiron/sqlx/reflectx",
			"Comment": "sqlx-v1.1-119-g8ed836a",
			"Rev": "8ed836a8adb659e8492bcaa49e0880bb84075fe2"
		},
		{
			"ImportPath": "github.com/kr/logfmt",
			"Rev": "b84e30acd515aadc4b783ad4ff83aff3299bdfe0"
		},
		{
			"ImportPath": "github.com/lib/pq",
			"Comment": "go1.0-cutoff-166-g2704adc",
			"Rev": "2704adc878c21e1329f46f6e56a1c387d788ff94"
		},
		{
			"ImportPath": "github.com/lib/pq/oid",
			"Comment": "go1.0-cutoff-166-g2704adc",
			"Rev": "2704adc878c21e1329f46f6e56a1c387d788ff94"
		},
		{
			"ImportPath": "gopkg.in/axiomzen/null.v6",
			"Comment": "v6.0.0",
			"Rev": "7c7aa189a9752a917d00984cfae44b93e90944bf"
		},
		{
			"ImportPath": "gopkg.in/mgo.v2/bson",
			"Comment": "r2016.08.01-5-g3f83fa5",
			"Rev": "3f83fa5005286a7fe593b055f0d7771a7dce4655"
		},
		{
			"ImportPath": "gopkg.in/mgo.v2/internal/json",
			"Comment": "r2016.08.01-5-g3f83fa5",
			"Rev": "3f83fa5005286a7fe593b055f0d7771a7dce4655"
		},
		{
			"ImportPath": "gopkg.in/pg.v5/internal",
			"Comment": "v5.3.3",
			"Rev": "2246060a2a43f8282ad53295d56d780dbc930b7f"
		},
		{
			"ImportPath": "gopkg.in/pg.v5/internal/parser",
			"Comment": "v5.3.3",
			"Rev": "2246060a2a43f8282ad53295d56d780dbc930b7f"
		},
		{
			"ImportPath": "gopkg.in/pg.v5/types",
			"Comment": "v5.3.3",
			"Rev": "2246060a2a43f8282ad53295d56d780dbc930b7f"
		}
	]
}
